{
  "auc_pr": 0.8641430996151793,
  "roc_auc": 0.9818458721417661,
  "precision": 0.672,
  "recall": 0.8571428571428571,
  "f1": 0.7533632286995515
}